{"projects":[{"key":"MAR","name":"Muoversi a Roma","versions":[],"components":[],"template":"com.pyxis.greenhopper.jira:gh-simplified-kanban-classic","issues":[{"status":"Done","updated":"2017-08-07T13:30:15.667187+00:00","watchers":["557058:a861d46c-4dd0-492b-98ae-092efe7e5f79","557058:894c520d-9eb5-4dfb-8d04-f033d46c153d"],"description":"Imported from https:\/\/bitbucket.org\/lallulli\/muoversi-a-roma\/issues\/4\/palinepercorso-con-data-vuota \n\n Ho problemi ad inviare il parametro \"string data_partenze\" vuoto, visto che non mi interessa.\r\nRicevo sempre errore!\r\nEppure nella documentazione è citato il formato \"string\" e che accetta la stringa vuota.\r\n\r\nL'errore:\r\n[code]faultCode 1  faultString <type 'exceptions.TypeError'>:cannot marshal <class 'django.http.request.QueryDict'> objects     [\/code]\r\n\r\nSpero che non mi dia problemi anche il parametro \"string id_veicolo\" che anche questo andrà vuoto.","reporter":"557058:894c520d-9eb5-4dfb-8d04-f033d46c153d","created":"2017-08-07T08:49:01.834993+00:00","comments":[{"body":"---- aggiornamento\r\n\r\nSbagliavo io e non sulla data vuota.\r\nTutto risolto!","created":"2017-08-07T08:57:12.051363+00:00","author":"557058:894c520d-9eb5-4dfb-8d04-f033d46c153d"},{"body":"Perfetto, chiudo il ticket.","created":"2017-08-07T13:30:15.716033+00:00","author":"557058:a861d46c-4dd0-492b-98ae-092efe7e5f79"}],"summary":"[paline.Percorso] con data vuota","priority":"Medium","assignee":"557058:a861d46c-4dd0-492b-98ae-092efe7e5f79","externalId":"Muoversi a Roma-4","issueType":"Bug","resolution":"invalid"},{"status":"Done","updated":"2017-08-12T06:31:40.508935+00:00","watchers":["557058:a861d46c-4dd0-492b-98ae-092efe7e5f79","557058:894c520d-9eb5-4dfb-8d04-f033d46c153d"],"description":"Imported from https:\/\/bitbucket.org\/lallulli\/muoversi-a-roma\/issues\/6\/anomalia-in-palinesmartsearch \n\n Ho trovato un grosso BUG in paline.SmartSearch.\r\n\r\nMi sto adoperando a ricercare tutte le paline con un testo nel nome.\r\nAd esempio \"cassia\"\r\nLa risposta XML è corretta e ho disponibili tutte le paline.\r\n\r\nIl problema nasce quando non c'è alcuna corrispondenza. Se cerco in testo \"abcdef\" (che non esiste) non ho la ben minima risposta dal server.\r\nMi aspettavo, come indicato nelle info, una risposta con [bool errore: True se e solo se non è stato trovato alcun risultato]\r\nInvece rimango in eterna attesa.\r\nOra provo ad inserire un mio timeout (che credo non funzioni comunque) ma potrebbe darmi problemi su connessioni lente.\r\n\r\nAggiorno non appena ho testato un mio timeout.","reporter":"557058:894c520d-9eb5-4dfb-8d04-f033d46c153d","created":"2017-08-11T07:33:53.441458+00:00","comments":[{"body":"Confermo il problema. Esso si può riscontrare anche facendo una ricerca sul sito muovi.roma.it, compilando solo il campo \"Parti da\".\n\nIl comportamento corretto dovrebbe essere il seguente: se la stringa cercata non è il nome di una linea oppure l'id o parte del nome di una fermata, il sistema dovrebbe verificare se esiste una via con un nome simile a quanto immesso come input (geocoding), e quindi cercare le fermate vicine all'indirizzo inserito (se esistente). Altrimenti restituire una lista vuota di risultati.\n\nIl sistema prima funzionava correttamente in questo modo, e il codice che trovi in questo repository (fork di Muoversi a Roma for developers) è assolutamente corretto. Il problema risiede nei server di Muoversi a Roma. Non lavoro più per l'Agenzia della Mobilità ormai da un anno e mezzo, e non so quali cambiamenti abbiano apportato o se qualche sottosistema non stia funzionando. Quindi purtroppo non ho la possibilità di fare nulla per risolvere il problema presso l'Agenzia. Potresti provare a contattare l'Agenzia presso l'indirizzo infomobilita@agenziamobilita.roma.it - ma non sono troppo ottimista. Anche il \"cerca percorso\", purtroppo, è fuori servizio ormai da mesi...","created":"2017-08-12T06:31:18.009746+00:00","author":"557058:a861d46c-4dd0-492b-98ae-092efe7e5f79"},{"body":null,"created":"2017-08-12T06:31:40.537030+00:00","author":"557058:a861d46c-4dd0-492b-98ae-092efe7e5f79"},{"body":"Aggiorno: \nIl mio timeout funziona ma sono comunque costretto a tenerlo alto, almeno intorno a 5-8 secondi","created":"2017-08-11T07:45:40.569010+00:00","author":"557058:894c520d-9eb5-4dfb-8d04-f033d46c153d"}],"summary":"Anomalia in \" paline.SmartSearch \"","priority":"Medium","assignee":"557058:a861d46c-4dd0-492b-98ae-092efe7e5f79","externalId":"Muoversi a Roma-6","issueType":"Bug","resolution":"wontfix"},{"status":"Backlog","updated":"2016-12-23T15:21:45.131624+00:00","watchers":["557058:a861d46c-4dd0-492b-98ae-092efe7e5f79","557058:dcaf57d8-e42d-410b-a394-47fefd26678a","557058:31582858-668b-4d30-9f7f-7f7d0bc98381","557058:99af401a-a14b-47f6-8842-e8d2d9899959"],"description":"Imported from https:\/\/bitbucket.org\/lallulli\/muoversi-a-roma\/issues\/1\/vetture-atac-in-ritardo \n\n salve , per caso è possibile contattare qualcuno di rsm , dato che le vetture atac sono in ritardo sia rispetto alla realtà , sia al sito\/app atac \r\n\r\ntipo qui il 19 ( ma vale per qualsiasi vettura atac . i bus di romatpl sono ok ) : http:\/\/imgur.com\/a\/RsXpk","reporter":"557058:dcaf57d8-e42d-410b-a394-47fefd26678a","created":"2016-10-22T12:44:53.531702+00:00","comments":[{"body":"Salve Leonardo,\n\nl'indirizzo email ufficiale è infomobilita@agenziamobilita.roma.it.\n\nIl ritardo purtroppo dipende dal modo in cui RSM attinge ai dati di Atac. Al contrario di RomaTPL, che mette a disposizione immediatamente i dati \"grezzi\" dell'AVM per l'Agenzia della Mobilità, Atac non fornisce l'accesso diretto ai propri dati. L'agenzia deve \"ricostruire\" la posizione dei veicoli dell'intera rete Atac interrogando un webservice che fornisce le informazioni sugli arrivi alle fermate (più precisamente, ai capilinea di destinazione di ciascun percorso). Deve dunque compiere un \"giro\" di interrogazioni che, in alcuni casi (ad esempio se i server rispondono lentamente) ha una durata eccessiva.","created":"2016-10-22T12:53:50.209228+00:00","author":"557058:a861d46c-4dd0-492b-98ae-092efe7e5f79"},{"body":"Diciamo che CITIES ha peggiorato la situazione, portando una valanga di nuovi problemi. Per esempio il fatto che il database della rete del TPL di CITIES, curata da Atac (strutture ex-Trambus), è diversa da quella che alimenta Muoversi a Roma (generata da RSM). In InfoTP il database della rete del TPL proveniva direttamente da RSM per cui, seppure con qualche giorno di ritardo, i sistemi erano allineati tra loro.\n\nPerò anche con InfoTP era necessario interrogare ciclicamente il webservice delle previsioni per tutti i capilinea di destinazione per ricostruire la posizione dei veicoli. Il sistema era parecchio instabile: c'erano momenti in cui rispondeva velocemente, per cui il \"giro\" di interrogazioni richiedeva pochi secondi, ma anche momenti in cui rallentava o si impallava del tutto.\n","created":"2016-10-23T07:56:17.260643+00:00","author":"557058:a861d46c-4dd0-492b-98ae-092efe7e5f79"},{"body":"Infatti il problema ha iniziato a presentarsi penso quando sono passati da infotp a CITIES giusto?  ( tipo settembre-novembre 2015) ","created":"2016-10-22T13:29:23.571048+00:00","author":"557058:dcaf57d8-e42d-410b-a394-47fefd26678a"},{"body":"Che per caso c'è un modo per associare i dati presenti nei file gtfs con i dati forniti dalle open api , ad esempio i service_id gtfs con gli id_percorso forniti dalle open api ?","created":"2016-10-30T14:39:04.469648+00:00","author":"557058:dcaf57d8-e42d-410b-a394-47fefd26678a"},{"body":"Bella domanda.\n\nIl sistema \"vecchio\" che generava il file GTFS, realizzato da una società\nesterna, non lo permetteva.\n\nHo visto che oggi è entrato in esercizio un nuovo sistema che produce il\nGTFS. Per curiosità ho aperto e studiato il file nel nuovo formato. A\nquanto pare, RSM ha utilizzato una procedura per generare il GTFS statico\nche avevo realizzato durante il mio ultimo periodo di lavoro in Agenzia, di\ncui trovi il codice sorgente nel file paline\/gtfs.py. Tuttavia deve avere\nmodificato la procedura. Infatti il \"mio\" GTFS conteneva dei service_id\n\"parlanti\", composti da due parti: l'id_percorso, e il giorno di settimana\nin cui il percorso è valido. Il file GTFS pubblicato ha invece dei\nservice_id che non riesco a interpretare.\n\nMi sembrerebbe dunque che la risposta alla tua domanda sia no, ma\nbisognerebbe studiare meglio il nuovo formato per esserne certi!\n","created":"2016-10-31T15:30:15.754367+00:00","author":"557058:a861d46c-4dd0-492b-98ae-092efe7e5f79"},{"body":"Sì, le coordinate sono espresse in uno \"storico\" sistema di riferimento chiamato Gauss-Boaga Fuso Est (oppure Monte Mario\/Italy 2), il cui identificatore è EPSG:3004. Si possono convertire in longitudine-latitudine (sistema WGS84, EPSG:4326) con la libreria PROJ.4.","created":"2016-11-09T21:04:18.157386+00:00","author":"557058:a861d46c-4dd0-492b-98ae-092efe7e5f79"},{"body":"Riprendo il discorso sui dati di posizione delle vetture.\nCon questo comando ottengo un json che apparentemente contiene la posizione di tutte le vetture in servizio\n\n```\ncurl -H Content-Type: application\/json -X POST -d {\"jsonrpc\":\"2.0\",\"id\":\"ID31\",\"method\":\"paline7_GetVeicoliTuttiPercorsi\"} http:\/\/muovi.roma.it\/json\/\n```\n\nle coordinate (x,y) sembrano essere in formato web mercator, ma se cosi fosse non rappresentano punti a Roma. Ne sapete di piu? Quanto sono attendibili questi dati?\n\nIncollo un estratto dei dati ricevuti\n```\n{\n    \"id_percorso\": \"50398\",\n    \"ultimo_aggiornamento\": \"2016-11-05T22:47:10.655\",\n    \"arrivi\": [\n        {\n            \"a_capolinea\": false,\n            \"self.a_capolinea\": false,\n            \"id_prossima_palina\": \"79746\",\n            \"distanza_capolinea\": 14301.137396107355,\n            \"y\": 4634690.010481426,\n            \"x\": 2304967.212785297,\n            \"id_veicolo\": \"9925\",\n            \"orario_partenza_capolinea\": null\n        }\n    ]\n}\n```","created":"2016-11-08T22:27:01.782978+00:00","author":"557058:31582858-668b-4d30-9f7f-7f7d0bc98381"},{"body":"da paline\/geomath.py \n\n\n```\n#!python\n\ngbfe = pyproj.Proj(\"+proj=tmerc +lat_0=0 +lon_0=15 +k=0.9996 +x_0=2520000 +y_0=0 +ellps=intl +units=m +no_defs\")\ngbfo = pyproj.Proj(\"+proj=tmerc +lat_0=0 +lon_0=9 +k=0.9996 +x_0=1500000 +y_0=0 +ellps=intl +units=m +no_defs\")\ncorr_gbfe = (-16, 78)\n\ndef gbfe_to_wgs84(x, y):\n\tx, y = (x + corr_gbfe[0], y + corr_gbfe[1])\n\treturn gbfe(x, y, inverse=True)\n```\n\nx e y sono quelli restituiti con getveicolituttipercorsi ( ho avuto anche io questo problema )","created":"2016-11-09T00:31:53.759904+00:00","author":"557058:dcaf57d8-e42d-410b-a394-47fefd26678a"},{"body":"salve,  per caso conosce il metodo paline.mappa?  non sembra essere presente nel codice sorgente ","created":"2016-11-20T12:41:36.180194+00:00","author":"557058:dcaf57d8-e42d-410b-a394-47fefd26678a"},{"body":"Ma quindi non c’è nessun modo per ricevere i dati aggiornati in tempo reale? Ho provato ad utilizzare le API… per un progettino per l'università va bene, ma c'è troppo scarto tra i dati ritornati e la realtà, è impensabile utilizzarli per qualcosa di concretamente utile.","created":"2016-11-30T19:15:41.643817+00:00","author":"557058:99af401a-a14b-47f6-8842-e8d2d9899959"},{"body":"Per avere un ordine di grandezza del ritardo attuale dei dati puoi consultare la pagina http:\/\/muovi.roma.it\/paline\/qualita","created":"2016-11-30T19:24:59.897724+00:00","author":"557058:a861d46c-4dd0-492b-98ae-092efe7e5f79"},{"body":"@Forzaferrarileo credo paline.Mappa sia un vecchio metodo non più usato, ma non ricordo con certezza...","created":"2016-11-30T19:28:49.990468+00:00","author":"557058:a861d46c-4dd0-492b-98ae-092efe7e5f79"},{"body":"salve,  sempre riguardo alla pagina web qualità: \n\nnotavo che il ritardo aggiornamento parziale\/completo vengono incrementati con il passare del tempo,  e come valore minimo hanno \"durata dell'ultimo ciclo di aggiornamento\"  \n\nquindi indicano il ritardo considerando l'orario in cui viene caricata la pagina web? \n\n( il succo è se per avere una stima del ritardo introdotto dai calcoli di muoversiaroma,  basta il \"durata ultimo ciclo aggiornamento\"","created":"2016-12-17T00:51:15.319247+00:00","author":"557058:dcaf57d8-e42d-410b-a394-47fefd26678a"},{"body":"Un ciclo di aggiornamento comprende l'interrogazione dei server Atac (tralasciamo RomaTPL), un eventuale ricalcolo delle velocità degli archi del grafo (tratti di percorso tra fermate), e il trasferimento di questi dati ai server web (sto semplificando leggermente).\n\nAssumendo che ogni ciclo abbia la stessa durata T, avremo che:\n\n* il primo aggiornamento parte al tempo 0 ed è completato al tempo T\n* al tempo T i dati del primo aggiornamento risultano disponibili per l'utente (quindi hanno un ritardo massimo di T, visto che le prime interrogazioni ad Atac sono partite al tempo 0)\n* il secondo aggiornamento parte al tempo T ed è completato al tempo 2T\n* poco prima dell'istante 2T, dunque, avremo ancora i dati \"vecchi\" del tempo 0. All'istante 2T, completato il trasferimento, avremo i dati vecchi del tempo T.\n\nPertanto il ritardo massimo oscilla tra T e 2T, a seconda dell'istante in cui l'utente interroga Muoversi a Roma.\n\nNaturalmente non è detto che tutti i cicli di aggiornamento abbiano esattamente la stessa durata... ma il succo rimane quello!","created":"2016-12-19T19:18:13.997258+00:00","author":"557058:a861d46c-4dd0-492b-98ae-092efe7e5f79"},{"body":"ok grazie mille.\n\nl'ultima cosa che non ho capito è questa ( è più una curiosità che altro ) :\n* 16:04:42\n* 16:05:53 ( 00:59 )\n* 16:07:10 ( 00:58 )\n* 16:08:31 ( 01:05 )\n* 16:09:42 ( 01:00 )\n* 16:11:11 ( 01:19 )\n\na sinistra gli orari di aggiornamento , tra parentesi il tempo di aggiornamento.\nC'è uno scarto di 9-11 secondi se all'orario di aggiornamento si sottrae la durata dell'aggiornamento. da cosa dipende ?\n\n\nP.s. ho notato che nell'ultima versione del gtfs hanno aggiunto la corrispondenza tra il service_id e l'id_percorso delle open api :)","created":"2016-12-23T15:21:45.128795+00:00","author":"557058:dcaf57d8-e42d-410b-a394-47fefd26678a"}],"summary":"vetture atac in ritardo","priority":"Medium","externalId":"Muoversi a Roma-1","issueType":"Story"},{"status":"Done","updated":"2017-04-07T11:37:20.655525+00:00","watchers":["557058:a861d46c-4dd0-492b-98ae-092efe7e5f79",""],"description":"Imported from https:\/\/bitbucket.org\/lallulli\/muoversi-a-roma\/issues\/2\/info-tratte-itinerari \n\n Salve,\r\nho un dubbio enorme sul significato di Tratte-Itinerari.\r\nCorrispondono alle tratte dei BUS ? o sono solo i tempi rilevati da macchine private per percorrere determinati tratti di strada? \r\nMagari potrebbe essere aggiunta nel wiki la descrizione di questi \"oggetti\"","reporter":"","created":"2017-04-03T15:10:33.771886+00:00","comments":[{"body":null,"created":"2017-04-07T11:37:20.681801+00:00","author":"557058:a861d46c-4dd0-492b-98ae-092efe7e5f79"},{"body":"Sì, il servizio __tempi__  fornisce il tempo di percorrenza di alcune tratte stradali, misurate dal sistema UTT (Urban Travel Times), un sistema simile al tutor autostradale che, tramite lettura ottica delle targhe delle auto, determina i tempi di percorrenza.\n\nGli stessi dati sono disponibili qui: http:\/\/muovi.roma.it\/tempi\n\nPer un aggiornamento delle wiki non ti posso essere d'aiuto, dato che non lavoro più per l'Agenzia della Mobilità...","created":"2017-04-07T11:36:52.093033+00:00","author":"557058:a861d46c-4dd0-492b-98ae-092efe7e5f79"}],"summary":"INFO TRATTE-ITINERARI","priority":"Lowest","externalId":"Muoversi a Roma-2","issueType":"Story","resolution":"closed"},{"status":"Done","updated":"2017-08-05T09:01:21.096748+00:00","watchers":["557058:a861d46c-4dd0-492b-98ae-092efe7e5f79","557058:894c520d-9eb5-4dfb-8d04-f033d46c153d"],"description":"Imported from https:\/\/bitbucket.org\/lallulli\/muoversi-a-roma\/issues\/3\/javascript-token-ok-richieste-no \n\n Salve a tutti. Questo è il mio primo post.\r\n\r\nPrima di esporre il problema vi do una panoramica sul mio ambiente.\r\n\r\nSto utilizzando soltanto Javascript puro.\r\nE' iniziato tutto quasi per scommessa e sembra funzionare.\r\nRiesco a ricevere il mio TOKEN e quindi dovrei poter interrogare il server.\r\n\r\nQuesto è il problema: Mi torna sempre \"Accesso non effettuato\" \"Errore 824\"\r\n\r\nQuesto è il XML per una interrogazione:\r\n\r\n```\r\n#!XML\r\n<?xml version='1.0'?>\r\n<methodCall>\r\n\t<methodName>paline.Percorsi<\/methodName>\r\n\t<params>\r\n\t\t<param>\r\n\t\t\t<value><string>l3dqa5wehvv16p43s7k0i81FF2jxjxm<\/string><\/value> \r\n\t\t<\/param>\r\n\t\t<param>\r\n\t\t\t<value><string>80<\/string><\/value> \r\n\t\t<\/param>\r\n\t\t<param>\r\n\t\t\t<value><string>it<\/string><\/value> \r\n\t\t<\/param>\r\n\t<\/params>\r\n<\/methodCall>\r\n\r\n```\r\nInvio il XML a: http:\/\/muovi.roma.it\/ws\/xml\/paline\/7\r\ne questa è la risposta:\r\n\r\n```\r\n#!XML\r\n<?xml version='1.0'?>\r\n<methodResponse>\r\n\t<fault>\r\n \t\t<value>\r\n\t\t\t<struct> \r\n\t\t\t\t<member> \r\n\t\t\t\t\t<name>faultCode<\/name> \r\n\t\t\t\t\t<value><int>824<\/int><\/value> \r\n\t\t\t\t<\/member> \r\n\t\t\t\t<member> \r\n\t\t\t\t\t<name>faultString<\/name> \r\n\t\t\t\t\t<value><string>Accesso non effettuato<\/string><\/value>\r\n\t\t\t\t<\/member> \r\n\t\t\t<\/struct>\r\n\t\t<\/value> \r\n\t<\/fault> \r\n<\/methodResponse>\r\n\r\n```\r\nOvviamente invio la richiesta esattamente come chiedo il TOKEN (che funziona)\r\n\r\nDove sbaglio? Perché mi dice che non sono connesso quando poco prima mi ha autenticato fornendomi il token?\r\n\r\nGrazie","reporter":"557058:894c520d-9eb5-4dfb-8d04-f033d46c153d","created":"2017-08-05T06:36:00.451731+00:00","comments":[{"body":null,"created":"2017-08-05T07:19:28.039708+00:00","author":"557058:894c520d-9eb5-4dfb-8d04-f033d46c153d"},{"body":null,"created":"2017-08-05T07:22:05.733296+00:00","author":"557058:a861d46c-4dd0-492b-98ae-092efe7e5f79"},{"body":"TUTTO RISOLTO\nMi hai dato conferma per quel \"32\"\nMi mangiavo l'ultimo carattere!\nSuccede quando mischi ASP che conta da 1 ed JS che conta da 0\n\nTutto OK - Posso andare avanti.","created":"2017-08-05T09:01:21.087970+00:00","author":"557058:894c520d-9eb5-4dfb-8d04-f033d46c153d"},{"body":"Buongiorno,\n\nho appena effettuato una chiamata tramite la libreria XMLRPC di Python, che permette, tramite il parametro `verbose=1`, di stampare la richiesta e la risposta in XML. Ecco la richiesta generata dalla libreria:\n\n```\n<?xml version='1.0'?>\n<methodCall>\n<methodName>paline.Percorsi<\/methodName>\n<params>\n<param>\n<value><string>OMISSIS<\/string><\/value>\n<\/param>\n<param>\n<value><string>80<\/string><\/value>\n<\/param>\n<param>\n<value><string>it<\/string><\/value>\n<\/param>\n<\/params>\n<\/methodCall>\n```\n\nA prima vista mi sembra coerente con la tua richiesta, e ho ottentuo correttamente la risposta, quindi posso pensare che il tuo token fosse invalido e\/o scaduto, ma magari mi sfugge qualcosa.\n\nComunque ti consiglierei di non costruire l'XML a mano, ma di affidarti ad una libreria XML-RPC. Oppure, per avere un riscontro, potresti usare dapprima Python per provare le chiamate tremite la libreria `xmlrpclib`; una volta verificato il funzionamento in Python, tramite il parametro `verbose=1` puoi ispezionare l'XML, ed eventualmente usarlo come template per nuove chiamate.","created":"2017-08-05T07:20:46.672783+00:00","author":"557058:a861d46c-4dd0-492b-98ae-092efe7e5f79"},{"body":"Ciao, grazie per l'attenzione.\nMi stai parlando di probabile Token non valido o scaduto; vorrei saperne di più.\nIo ricevo sempre dei token tipo questo: \n19kbve0gxwhoaersu05iew2crf1yzvt\nsempre lunghi 31 caratteri. Questo 31, come numero mi puzza un po'; mi aspettavo un 32 (informaticamente parlando).\nUn token che durata ha prima di andare in timeout?\n\nOra a parte la modalità di interrogazione che sto utilizzando, non posso usare Python per diversi motivi; uno è quello di voler costruire una app ibrida. \nOra sto cercando di capire i funzionamenti effettivi per poi costruire una libreria o ... vedremo.\nHo questo scalino che non riesco a salire pur riuscendo a dialogare correttamente.\nUn'ultima cosa: Chiedo il Token inviando solo la mia key. Non è che si chiede per forza anche un id utente?","created":"2017-08-05T08:19:00.658928+00:00","author":"557058:894c520d-9eb5-4dfb-8d04-f033d46c153d"},{"body":"Il token non ha un timeout prefissato e scade raramente, ad esempio se non\nè utilizzato da molto tempo ed è \"ucciso\" dal sistema di gestione della\ncache del server.\n\nEffettivamente la lunghezza dei token dovrebbe essere di 32 caratteri, non\n31. L'id utente non è richiesto nella chiamata, nel senso che puoi inviare\nuna stringa vuota come id utente.\n\nComprendo perfettamente l'impossibilità di usare Python per sviluppare\nl'app. Il suggerimento riguarda solo la sperimentazione delle API: con una\nbuona shell di Python (ad esempio IPython) è molto facile fare chiamate di\ntest, vedere se funzionano e, in caso positivo, esaminare i dati scambiati\ntra server e client, per poi replicare la chiamata in javascript. In\nalternativa puoi usare direttamente una libreria XML-RPC per javascript:\n\nhttps:\/\/www.google.it\/search?q=javascript+xmlrpc+client\n","created":"2017-08-05T08:40:07.003118+00:00","author":"557058:a861d46c-4dd0-492b-98ae-092efe7e5f79"}],"summary":"[Javascript] Token: OK - Richieste: NO","priority":"Medium","assignee":"557058:a861d46c-4dd0-492b-98ae-092efe7e5f79","externalId":"Muoversi a Roma-3","issueType":"Bug","resolution":"invalid"},{"status":"Done","updated":"2017-08-09T17:42:44.493578+00:00","watchers":["557058:a861d46c-4dd0-492b-98ae-092efe7e5f79","557058:894c520d-9eb5-4dfb-8d04-f033d46c153d"],"description":"Imported from https:\/\/bitbucket.org\/lallulli\/muoversi-a-roma\/issues\/5\/icone \n\n Ciao Luca.\r\nIl mio lavoro procede molto bene.\r\n\r\nVolevo fare una domanda: Esiste il modo di poter recuperare le icone  (notturno, circolare ...) del bus richiesto?\r\nMagari anche se ci sono altre icone per altri scopi .. che poi vedrò se implementare.\r\n\r\n\r\nSaluti","reporter":"557058:894c520d-9eb5-4dfb-8d04-f033d46c153d","created":"2017-08-09T10:50:48.840674+00:00","comments":[{"body":null,"created":"2017-08-09T17:42:44.524165+00:00","author":"557058:a861d46c-4dd0-492b-98ae-092efe7e5f79"},{"body":"No, non esistono attributi che corrispondono alle icone usate dall'Atac. Puoi verificare dei predicati per determinare se un percorso ad es. è circolare (id_palina_partenza = id_palina_arrivo), o una linea è notturna (id_linea like 'N%'), ecc.\n\nSono invece disponibili i \"carteggi\" per denotare particolari tipologie di percorso:\n\n - T = Temporanea\n - S = Scolastica\n - D = Deviata\n - L = Limitata\n - P = Prolungata","created":"2017-08-09T17:42:32.484403+00:00","author":"557058:a861d46c-4dd0-492b-98ae-092efe7e5f79"}],"summary":"Icone","priority":"Medium","assignee":"557058:a861d46c-4dd0-492b-98ae-092efe7e5f79","externalId":"Muoversi a Roma-5","issueType":"Bug","resolution":"invalid"},{"status":"Done","updated":"2017-08-18T10:47:00.934946+00:00","watchers":["557058:a861d46c-4dd0-492b-98ae-092efe7e5f79","557058:894c520d-9eb5-4dfb-8d04-f033d46c153d"],"description":"Imported from https:\/\/bitbucket.org\/lallulli\/muoversi-a-roma\/issues\/7\/palineprevisioni-banda \n\n Salve, ho bisogno di una info che non trovo altrove:\r\n\r\nCos'è \"Banda\" nel XML di ritorno da \"paline.Previsioni\"?\r\n\r\nDov'è possibile avere tutte le info di ritorno di tutte le chiamate? Vedo che ce ne sono diverse, che ancora non ho considerato, che non si autoesprimono.\r\n\r\nGrazie.","reporter":"557058:894c520d-9eb5-4dfb-8d04-f033d46c153d","created":"2017-08-17T09:18:16.446206+00:00","comments":[{"body":null,"created":"2017-08-18T10:47:01.044180+00:00","author":"557058:a861d46c-4dd0-492b-98ae-092efe7e5f79"},{"body":"Salve, \"Banda\" è un attributo non documentato che serve al sito\nmuovi.roma.it per impostare lo stile di visualizzazione delle varie\nprevisioni, alternando il colore della banda laterale. Più in generale,\nsono presenti numerosi attributi non documentati, utili principalmente al\nsito muovi.roma.it. Gli attributi utili per lo sviluppatore (utente delle\nAPI) sono documentati sul sito dell'agenzia per la mobilità:\nhttps:\/\/romamobilita.it\/it\/azienda\/open-data\/api-real-time\n","created":"2017-08-17T09:40:13.034332+00:00","author":"557058:a861d46c-4dd0-492b-98ae-092efe7e5f79"}],"summary":"[paline.Previsioni] Banda","priority":"Medium","externalId":"Muoversi a Roma-7","issueType":"Bug","resolution":"invalid"},{"status":"Backlog","updated":"2017-08-28T17:07:15.033219+00:00","watchers":["557058:894c520d-9eb5-4dfb-8d04-f033d46c153d"],"description":"Imported from https:\/\/bitbucket.org\/lallulli\/muoversi-a-roma\/issues\/8\/coordinate-paline-della-tratta \n\n Ho notato (non documentato) che in paline.Percorso nel gruppo \"fermate\" sono presenti i \"member\" lat lon\r\n\r\nHo iniziato a lavorarci volendo avere tutte le coordinate delle paline della tratta chiamata.\r\nHo scoperto, mannaggia, che le coordinate compaiono raramente.\r\n\r\nOra dovendo ripiegare in qualche modo pensavo che con \"paline.SmartSearch\" inviando l'ID della Palina trovavo le coordinate. Invece mi restituisce solo che è una palina e qual è l'ID. Cose che già conosco.\r\n\r\nCome posso muovermi per sapere tutte le locazioni della tratta, oppure la locazione di una specifica palina?\r\n\r\n\r\nGrazie","reporter":"557058:894c520d-9eb5-4dfb-8d04-f033d46c153d","created":"2017-08-28T17:07:15.033219+00:00","summary":"Coordinate Paline della tratta","priority":"Medium","externalId":"Muoversi a Roma-8","issueType":"Bug"}],"description":"Issues exported from https:\/\/bitbucket.org\/lallulli\/muoversi-a-roma"}]}